Model,MAE (Wh),RMSE,R² Score,Training Time (s)
XGBoost,0.0010883037894158655,0.011519288222131057,0.9999284874988723,0.25919032096862793
Random Forest,0.0018714746653372182,0.00616281549308015,0.9999795313589807,0.20303678512573242
Neural Network,0.02883726595796098,0.07058058921583461,0.9973152661587205,0.21293067932128906
